cp_id,cp_county,decade,cp_raw,suggested_anchor_phrase,manual_lat_lon,notes
II_10_1133,Surry,1710,"CAPT. HENRY HARRISON, of
Surry Co; & PHILIP LUDWETL,
FESOR., 6365 acs: (N. L.), in Surry &
ts, of Wight Counties, on S. side of
Nottoway Riv; beg. at mouth of the
3rd br., on S. side of Hunting Quarter
Sw., dividing this & land of Mr. Benja.
Harrison; by the Raccoon Sw; to cor.
of Hinshea Guillam; 16 June 1714, p.
165. 40 Shill., & Imp. of 120 pers:
Teague Mincham, Geo, Robertson, Wm.
Stevens, Jane Jones, Chr. Hooper, Walter Drewitt, Henry Castle, Eliza. Cerby,
Henry Thomson, James Mead, Thos.
Sessions, Lydia Sands, Walter Cradock,
Mary Vaughan, John Burleigh. Eliza.
Mortis, Amy Loyd, Jacob Littlewood,
Thos. Towler, Wm. Dunwell, Char.
Gadwin, Wm. Hewes, Wm. Coram,
Mary Tall, Geo. Hernage, Abra. Cadee,
Thos. Clifton, Luke Parker, Hannah
Parker, Henry Young, Edwd. Leed,
James Leed, James Leed, Junr., James
Hoell, Robt. Hawkins, James Buttler,
Eliza. Staple, Mary Wilson, Thos.
White, Mary Dyer, Geo. Mason, John
Berry, Wm. Kelly, James Bryan, Arthur
Hughs. John Davis, Wm. Price, Joan
Price, Thos, Bakon, John Drew, David
Maginie, Joseph Woodward, John Preston, Thos. Howard, John Ingoldsby,
Willm. Wrisht, Anne Thompson, Eliza,
Sheppard, Robt. Marsh, Wm. Crouch,
Thos. Farmar, Saml, Toms, Wm. Rime
ington, Jane Speed, George Poollen,
Sarah Reeves, Eleanore Marston, John
Sheppard, Matthew Fletcher, John Carter, James Cox, Wm. Davis, James
Cooper, Thos. Richardson, David Barbat, Mary English, Wm. Hore, Thomas
Silvester, John Peters, James Guttery,
John Jones, Arthur.Kelly, Thos. Swinly,
Owen Jones, William Davis, Hugh
Davis. Wm. McDaniel, Jane Chambers,
Theodosia English. Ric. Chewe, Wm.
Hewes, Evan Morris, John Risby, Hyde
Torway, Wm. Bennitt, Lambert Zell,
Geo. Walker, Joseph Harrison, James
Blair, Wm. Crag, John Groves, Nicholas Bury. Thos. Crogs, Susan Howard,
Cath, Hamilton, Elizabeth Matthews,
Henry Harding, Lawrence Gamwell,
Thos. Dickenson, Phebe Whiter, Edmd.
Plea, John Walter, Thomas Mercey,
Ralph Blankship, John Fossitt, Roger
Roberts, John Howard, Sarah Sheppard.
Henry Brookes, John Bradshaw.",mouth of the,,
II_10_1229,Isle Of Wight,1710,"BRIDGMAN JOYNER, 800 acs. (N.
L.), Is. of Wight Co; S. side the main
Black Water Sw; beg. at mouth of the
Cyprus Sw; adj. Maj. Thomas Swan;
16 Dec, 1714, p. 201.. 40 Shill., &
Imp, of 8 pers: Peter Garland, Grace
Garland, Thomas Garret, Philip Evans,
John Thomson, Lewis Codd, Margt.
Longland, John Banks.
‘JOHN PARNELL & MARY JOLLY,
237 acs. (N. L.), Is. of Wight Co; beg.
at Wm. Ruffin; to E. side of the Corn
Sw: adj. Mr. Thos. Giles & John
CAVALIERS AND PIONEERS
Parnell; 16 Dec, 1714, p. 201. Imp. of
5 pers: John McKalla, Morris Way,
Timothy Denis, Anne Jolley, James
Jolly.",mouth of the,,
II_10_1281,Henrico,1710,"THOMAS MIMS, 500 acs. (N. L.).
Henrico Co; on S. side the main br. of
Tuccahoe (Cr.); adj. Wm. Burton:
Benja. Woodson; & Michael Johnson,
23 Dee. 1714. p. 217. 50 Shill.",,,
II_10_1328,Isle Of Wight,1710,"PHILIP RAYFORD, 525 acs. (N.
L.), Is. of Wight Co; on S. side the
main Blackwater Sw; beg. on SE side
of the Doctor’s Br., in line of Capt.
Luke Havield; near the Indian Path;
on Robert Hodges’ line; 23 Dec. 1714,
p. 231. 1 Lb. 15 Shill., & Imp. of 4
pers: George Rotherford, Edwd. Hopkins, Jno. Harris, Wm. Harrington.",,,
II_10_1352,New Kent,1710,"EDWARD GARLAND, 1343 acs.
(N. L.), New Kent Co., in’ St. Paul’s
Par; beg. on bank of Little River; adj,
line of Bush; to mouth of Beaver Dam
Cr; 16 Aug. 1715, p. 241. Imp. of 27
pers: James Jordan, James Reiley, John
Poole, Martin Ware, Morris Bryan,
Thos. Chance, Charles McGuire, Jno.
Darcy, Edmd. Butler, Thos. Beanes,
Patrick Davis, Garret Byrn, Richd.
Mooney, Edmd. Evans, Bryan Carroll,
Wm. Kelley, Patrick McCale, Will.
Madden, Charles Diggins, Peter Gibbons, Robt, Oates, Jno. Booth, Edwd.
Powell, Owen Oneile, Richd. Rawley,
Thos. Owen, Thomas White.",mouth of Beaver Dam,"37.899394, -77.592948",
II_10_1359,Henrico,1710,"THOMAS WATKINS, 400 acs. (N.
L.). Henrico Co; on N. side the main
br. of Tuckahoe (Cr.). below the
Devil's Wood Yard; 16 Aug. 1715, p.
244. 25 Shi. & Imp. of 3. pers:
Jarmes Mackentush, Francis Hill, Jno.
Cook.",,,
II_10_1386,Henrico,1710,"JOHN WHITLOE, 155 acs, (N. L.),
Henrico Co; on N. side of James Riv:
bee. on E. side of 2 Mile Cr., near the
bead; adj. John Woodson; Henry Pew;
Nicholas Hutchinson; Abraham Childers,
Senr; & land of Wm. Whitloe, Senr;
gong Miry Run; 23 Mar. 1715, p. 253.
US Shill.",,,
II_10_1422,Surry,1710,"JOHN BARLOW, 95 acs. (N, L.),
Surry Co; on W, side of the Orter Dam
Swamp; 23 Mar. 1715, p. 264. 10 Shill.",,,
II_10_1426,Surry,1710,"THOMAS POYTHRES, of Pr. Geo.
Co; 180 acs. (N. L.), Surry Co; N.
side of Nottoway Riv; on N. side of
the Woodyard Sw a little above the
fork; 23 Mar. 1715, p. 265. 20 Shill.",,,
II_10_1443,Isle Of Wight,1710,"WILLIAM EDWARDS, of Surry Co;
330 acs. (N. L.), Is. of Wight Co; on
S. side of Nottoway Riv; beg. on NW
side of Totoquotunnta Sw; to the Nottoway Indians’ line; 23 Mar. 1715, p.
270. 15 Shill., & Imp. of 4 pers:
Ethelred Taylor, Anne Holmes, Alexander Young, Elizabeth Holding.",,,
II_10_1486,Henrico,1710,"JACOB AMONET, 186 acs. (N. L.J;
Henrico Co; on S. side of James Riv?
adj. Daniel Four; 23 Mar. 1715, p. 282.
Being part of the lower part of thé
last 5,000 acs. surveyed for the French
Refugees.",,,
II_10_1553,Surry,1710,"THOMAS AVENT, 400 acs. (N. L.),
Surry Co; on E. side of the Otterdam
Sw; adj, John Roberts; 31 Oct. 1716,
p. 300. 2 Lbs., Money.",,,
II_10_1628,,1710,"JOHN MADISON, JOHN ROGERS,
PETER ROGERS, HENRY PIGG, EDWARD PIGG, & JOHN YORK, 1860
acs. (N. L.), in a fork of Mattapony
Riv., about 16 mi. above the Inhabitants
in K. & Q. Co; beg. about 2 mi. above
the stones or falls of the river; 1 Apr.
1717, p. 319. 15 Shill., & Imp. of 31
pers: Nathaniel Davis, Hugh Lewis,
Obadiah Davis, Isabella Curtis, Thomas
Webb, John Ray, Edward Fordom,
Katherine Sead, Wm. Thomas, Robt.
Peacock, James Staynesby, John Dash,
Edward Hopkins, Edward Anderson,
Wm. Lancaster, Thos. Bennett, Robt.
Poole, John Dickenson, Wm. Parker,
Anne Bloomer, Eliza. Samine, Eliza.
Matthews, Wm. Seed, Hannah Porter,
Joseph Alewood, Eliza, Alewood, Geo.
Raban (or Rabau), Robert Barkley.",fork of Mattapony,,
II_10_1634,Henrico,1710,"HENRY ANDERSON, 500 acs. (N.
L.), Henrico Co; on N. side of Appamattock River, below the Sapony
Town; 15 July 1717, p. 321. 50 Shill.",on N. side of Appamattock River,,
II_10_1707,Prince George,1710,"WILLIAM CALEB, 119 acs. (N.
L.), Pr. Geo. Co; on S. side of Blackwater Sw; beg. at Mr. John Nichols, in
the fork of George’s Meadow; on the
County Line; to land of Benja. Foster;
15 July 1717, p. 342. Imp. of 3 pers:
Eliza, Peebles, Martha Steward, & Philip
Burrough.",fork of George’s Meadow,,
II_10_1733,Surry,1710,"THOMAS GOODWYN, 425 acs.
(N. L.). Surry Co; on both sides of
Warwick Sw; adj. James Jones; John
Mason; down run of Cotten’s branch;
James Gee; & Robert Hunnicutt’s line;
22 Jan. 1717, p. 350. Imp. of 9 pers:
Stephen Hartley. Kather. Langford, Cha.
Dennis, James Loyd, Harbart Richardson, Wm, Carpenter, Wm. Kitts. Mary
Wayman, Henry Baker.",,,
II_10_1838,Isle Of Wight,1710,"JOHN GUILLAM, 390 acs. (N. L.),
Isle of Wight Co; on N. side of
Maherin Riv; 12 July 1718, p. 381. For
Services performed towards makeing the
new settlement for the Saponie Indians
at Christanna, pursuant to a treaty with
that Nation, &c; (being part of land
whereon the Saponie Indians lately
dwelt & which they surrendered in exchange for land assigned them at
Christanna); adj. Francis West.
‘WILLIAM CRUMPLER, 130 acs.
(N. L.), Isle of Wight Co; on S, side
the main Blackwater Sw; adj. Phillip
Rayford (Raiford) ; George Williamson;
& Thomas Reives; 12 July 1718, p. 382.
15 Shill.",,,
II_10_1881,New Kent,1710,"ABRAHAM COOKE, 204 acs, (N.
L.), New Kent Co., in St. Paul’s Par;
on S, side of North River; 14 July
1718, p. 396. 5 Shill., & Imp. of 3
pers: Benjamin Clerk, & Mary his wife,
& John Simpson.",,,
II_10_1953,Henrico,1710,"TARLTON WOODSON, 3090 acs.
(N. L.), Henrico Co; on N. side of
James Riv; beg. at his own & land of
Joseph Pleasants; to S. side of the W.
br. of Beverdam Cr; on Maj. John
Bolling’s line; 11 July 1719, p. 422.
6 Lbs., 15 Shill., & Imp, of 35 pers:
Martin Lawrence, Will. Read, John Ray,
John Brumfield, John Huggins, Elizabeth Parker, Jone Lewis, David Cowlishaw, John Jones, George Williamson,
Peter Hall, John Oates, Wm. Sergant,
Robert Russell, Timothy Brett, Ambrose
Fellows, Geo. Cole, Richd. Whitby,
John Darby, Robt. Davis, Tho. Waddy
(or Wadds), Tho. Allen, James Bryant,
Darby Kea, Timothy Murfy, Richd.
Williams,:Edwd. Richeson, Jno. Mitchell,
Ralph Denby (or Denly), John Murry,
Colen Mc’kenny, Mary Dickeson, Daniel
Moodey (or Moodry), Angilo Marshall,
Richard Jones.",,,
II_11_2220,Spotsylvania,1720,"JOHN WALLER, of King Wm. Co;
1000 acs. (N. L.), Spotsylvania Co; on
N. side the Northanna (Riv.), & on E.
side of Duglass’ Run, 5 June 1722, p.
94. 5 Lbs. Money.",,,
II_11_2311,Surry,1720,"CHARLES GEE, 425 acs. (N. L.),
Surry Co; S. side of the main Black
Water Sw; on N. side the Warwick
Sw; adj. Thomas Tomlinson; & Thomas
Taylor's land; 22 June 1722, p. 140.
45 Shill.",,,
II_11_2351,Hanover,1720,"WILLIAM PULLIAM, 400 acs. (N.
L.), Hanover Co; on S. side the Little
River; 18 Feb. 1722, p. 162. 40 Shill.",,,
II_11_2359,Hanover,1720,"JOHN DANIEL, of York Co; 300
acs. (N. L.), Hanover Co; on the Ridge
bet, the Northanna & Little Rivers; adj.
William Sexton; Fox’s line; & Charles
Yansey; 18 Feb. 1722, p. 166. Imp. of
6 pers: Elizabeth Parkhouse, Mary
Lucas, Henry Nicholson, Phillip Wheadon, Charles Silverwood, John Handcock,",,,
II_11_2464,Prince George,1720,"JOHN WHITMORE, 250 acs. (N.
L.), Pr. Geo. Co; on N. side of Jones’
Hole Sw; adj. Shans Reynes’ land; 5
Sept. 1723, p. 216. 25 Shill.",,,
II_11_2521,Henrico,1720,"JOSEPH WATSON & JOHN WATSON, 400 acs. (N. L.), Henrico Co;
on N. side of James River; on Thomas
Farrar’s line; 5 Sept. 1723, p. 243. 40
Shill.",on N. side of James River,,
II_11_2532,Isle Of Wight,1720,"WILLIAM EXUM, 275 acs. (N. L.),
Isle of Wight Co; S. side of the main
Black Water Sw; on N. side of Round
Hill Sw; by the gr. Reedy Br; 5 Sept.
1723, p. 248. 30 Shill.",,,
II_11_2589,Surry,1720,"CHARLES MAYBURY, 250 acs. (N.
L.), Surry Co; on S. side of Nottoway
River; adj. John Guillum’s land: 5 Sept.
1723, p, 275. 25 Shill.",,,
II_11_2593,Surry,1720,"ROBERT MUMFORD, of Pr. Geo.
Co; 480 acs. (N. L.), Surry Co; on
SW side of Mockerson Neck Cr; beg.
where the County Line twixt Pr. Geo.
& Surry Counties crosses sd. Creek: 5
Sept. 1723, p. 277. 50 Shill.",,,
II_11_2604,Surry,1720,"JOHN BELL, 135 acs. (N. L.),
Surry Co; on S, side of the main Black
Water Sw; adj. James Kerney; & BenJamin Giddion; 5 Sept. 1723, p. 282.
15 Shill.",,,
II_11_2611,Surry,1720,"JOHN TOMLINSON, 145 acs. (N.
L.), Surry Co; on S. side of the main
Black Water Swamp; & down run of
the Cabbin Branch; 5 Sept. 1723, p.
285. 15 Shill,",,,
II_11_2627,Spotsylvania,1720,"AUGUSTINE MOORE, GENT., of
King Wm. Co; 3462 acs; part in St.
Margaret’s Par. in King Wm. Co. &
part in in St. George’s Par., in Spotsyl..
Co; beg. at Capt. William Anderson, oii
low, side of the mouth of Horse Sw.,
on N. side the Northanna (Riv.);.to
Griffith Dickason; nigh William Dickason’s line; to N. side of the Rangers
patth; on Capt. Carr’s line; 15 Nov.
1723, p. 295. 17 Lbs., 10 Shill.",mouth of Horse Sw.,,
II_12_2756,Hanover,1720,"SAME. 400 acs. (N. L.); same Co..
date, & page. On both sides of Cubh
Cr;adj. Richard Phillips’ line. 40 Shill.",,,
II_12_2761,Hanover,1720,"ADAM RATHERFORD, 400 acs.
(N. L.), Hanover Co; on N. side of
Falling Cr; adj. William Haynes’; &
Pritchett’s line; 9 July 1724, p. 31.
40 Shill.",,,
II_12_2788,King William,1720,"PETER ROGERS, of K. & Q. Co;
400 acs. (N. L.), King Wm. Co., in
St. John’s Par; on N. side the Middle
Riv; adj. Mr. Harry Beverley; & Ambrose Madison’s corner; 9 July 1724,
p. 46. 40 Shill.",,,
II_12_2847,Isle Of Wight,1720,"EDWARD TONES, 100 acs. (N. L.).
Is. of Wight Co; on S. side of the main
Black Water Sw; & on W. side of the
ie Branch; 9 July 1724, p. 78. 10
Shill.",,,
II_12_2857,Isle Of Wight,1720,"NICHOLAS WILLIAMS, 150 acs.
(N. L.), Is. of Wight Co; on S, side
of the main Black Water Sw; on SW
side of Cabbin Br., in line of William
Mayo; 9 July 1724, p. 83. 15 Shill.",,,
II_12_2917,Surry,1720,"CHARLES STEWARD, 530 acs. (N.
L.), Surry Co;,0n E, side of the Otterdam Sw; 5 Nov. 1724, p. 115. 55 Shill.",,,
II_12_2925,Henrico,1720,"VALENTINE WARE, of K. & .Q.
Co., 167 acs. (Lapsed L.), Henrico Co;
on N. side of James Riv., in a gr. fork
of Tuckahoe Cr; adj. land of Mr. Clerk
& Russell; 10 Dec. 1724, p. 122. Granted Richard Cox, 16 Aug. 1715, upon
condition of seating & planting, which
he jolted to do; now granted, &c. 20
Shill.",,"37.640342, -77.654218",
II_12_2934,Henrico,1720,"EDWARD SCOTT, 350 acs. (N.
L.), Henrico Co; on E, side of Licking
Hole Cr; 22 Feb. 1724, p. 129. 35
Shill.",,,
II_12_2945,Hanover,1720,"SAME. 400 acs. (N. L.); same location, date & -page. Adj. William
Pulliam; & Benjamin Brown. 40 Shill.",,,
II_12_2996,Surry,1720,"GEORGE EZELL. 400 acs. (N. L.),
Surry Co., in Southwark Par; on N.
side of the main Black Water Sw; adj.
Capt. Thomas Cock; 22 Feb. 1724, p.
170. 40 Shill.",,,
II_12_3030,Isle Of Wight,1720,"BENJAMIN CROCKER, 185 acs.
(N. L.), Is. of Wight Co; on E. side
of the Little. Swamp; adj. John Cain’s
land; 22 Feb, 1724, ». 193. 10 Shill.,
& Imp. of 2 pers: Richard Mathews &
John Ellis.",,,
II_12_3088,Henrico,1720,"TARLTON WOODSON, GENT.,
300 acs. (N. L.), Hensico Co; beg. at
Roger Powel’s cor., near br. of Beaverdam Creek; adj. John Woodson’s land,
ou Jenetoe Creek; 17 Aug. 1725, p.
230. 30 Shill.",,,
II_12_3095,Hanover,1720,"POUNCEY ANDERSON, 400 acs.
(N. L.), Hanover Co; on both sides of
Hinson’s Creek; adj. Benjamin Brown's
land; 17 Aug. 1725, p. 234. 40 Shill.",,,
II_12_3186,Henrico,1720,"LEWIS TANNER, 400 acs. (N.'L.),
Henrico Co; on N. side of “Appamattock River; adj. Francis Worsham .&
Thomas Tanner, on W, side of Good’s
Br; Walter Scott’s & Charles Worsham’s
line; 17 Aug. 1725, p. 287. 40° Shill.",on N. side of “Appamattock River,,
II_12_3212,Henrico,1720,"WILLIAM BRANCH, 400 acs. (N.
L.). Henrico Co;""on* N. Side of Appamattock Riv; adj. Mr. Joseph Irby; 17
Aug. 1725, D. 312. 40 Shill. Marginal
Note gives this as New Kent Co.",,,
II_12_3232,Hanover,1720,"ALEXANDER COCKE, 1200 acs.
(N. L.), Hanover Co; on both sides of
Beaverdam Cr; adj, Robert Netherland;
17 Aug. 1725, p. 325. 6 Lbs. Money.",,,
II_12_3242,Henrico,1720,"RICHARD COCKE & BENJAMIN
COCKE, 6000 acs. (N. L.), Henrico
Co; on N. side of the S. br. of James
River; down New Bremo Creek to the
mouth; 15 Dec, 1725, p. 333. 30 Lbs.
Money.",,,
II_12_3264,Hanover,1720,"SAME. 400 acs. (N. L.); same Co.,
& date; page 346. On both sides the
Beverdam & Contrary forks of Taylor’s
Creek, &c. 40 Shill.",,,
II_12_3348,Henrico,1720,"WALTER SCOTT, 400 acs. (N. L.)
Henrico Co; on N. side of Appamatock
Riv: on S. side of George Williamson's
path; to head of a br. of Spring Run;
24 Mar. 1725. p. 394. 40 Shill.",head of a br. of Spring Run,,
II_12_3396,Surry,1720,"JAMES JONES, of Pr. Co; 650 acs.
(N. L.), Surry Co., in Southwark Par;
on N. side the main Black Water
Swamp; beg. at Thomas Griffis’ land,
& over the Frenchman’s Branch; 24
Mar. 1725, p, 416. 5 Shill., & Imp. of
12 pers: Wilham Gower, Mary Gower,
George Gower, Abel Gower, Letitia.
Gewer, john Cozcter, Thomas Griths.
Thomas Wali, Ann Nuttall, June Barret,
Mary Pranklin, Rosesmiond Fielding.",,,
II_12_3470,Isle Of Wight,1720,"FRANCIS GRICE, 170 acs. (N. L.),
Is. of Wight Co; on S, side of the
Flatt Swamp; 24 Mar. 1725, p. 460.
20 Shil,",,,
II_12_3486,,1720,"EDWARD TROTMAN, 400 acs. (N.
L.), Hanover ‘Co; adj. David Powers,
& David Anderson, on Charles’ Swamp;
24 Mar. 1725, p. 468. 40 Shill.",on Charles’ Swamp,,
II_12_3541,Spotsylvania,1720,"JOHN HAWKINS, of King Wm.
Co; 400 acs. (N, L.), Spotsyl. Co; on
both sides of Tery’s Run, & on N. side
the N. fork of the Northanna (Riv.) ;
30 June 1726, p. 495.",fork of the Northanna (Riv.),,
II_12_3545,Spotsylvania,1720,"DENNET ABNEY, JUNR., 400 acs.
(N. L.), Spotsyl, Co., in St, George's
Par; on N. side the North Anna (Riv.) ;
adj. Gambrill’s land; 30 June 1726, p.
497,",,,
II_12_3551,Spotsylvania,1720,"SAME. 1300 acs. (N, L.), K & Q.
Co., in Drysdale Par; on N. side of
Mattapony River; beg. in line of patent
to Prosser & Pannell; to Robert Thomas’
patent, on S. side the Long Br. of Nosoponocks; to Mr. William Robertson's
line; 6 July 1726, p. 500, 6 Lbs., 10
Shill,",,,
II_13_3641,Hanover,1720,"SAME. 308 acs. (N. L.); same
County, date, & page. On both sides
of Hollowing Camp Cr. 35 Shill.",,,
II_13_3654,Henrico,1720,"JAMES SKELTON, of King Wm.
Co; 1600 acs, (O. & N. L.), in Henrico Co; beg. on N,. side the Fluvanna
(Riv.) below the Rock Island; crossing
Hardwar Creek; 14 Jan. 1726, p. 14.
1200 acs. part granted him, 20 Feb.
1723. 40 Shill.",,,
II_13_3720,Prince George,1720,"RICHARD FLEWELLIN, 296 acs.
(N. L.), Pr. Geo. Co; on S. side of
Warwick Swamp, adj, his old land; &
Mathew Lee’s line; crossing Butler's
Branch; 31 Oct. 1726, p. 57. 30 Shill.",,,
II_13_3764,Henrico,1720,"THOMAS TINDAL, 400 acs. (N.
U.). Henrico Co; on N, side of James
River; adj. Jonas Lawson; 16 June
1727, p. 79. 40 Shill.",,,
II_13_3765,Henrico,1720,"WILLIAM HODGES, 380 acs, (N.
L.}. Henrico Co; N. side of James
River, on Deep Creek of Licking Hole
(Cr), 16 June 1727. p. 80. 40 Shill.",on Deep Creek,,
II_13_3807,Hanover,1720,"CHRISTOPHER CLARK, GENT.,
400 acs. (N. L.), Hanover Co; on both
sides the South Anna (Riv.), adj. Capt.
re 16 June 1727, p. 104. 40
Shill.",,,
II_13_3954,Hanover,1720,"GEORGE WOODROOF, of King
Wm. Co; 400 acs. (N. L.), Hanover
Co; on both sides of Golden Myne
Creek; 7 Feb. 1727, p. 191. 40 Shill.",,,
II_13_3961,Spotsylvania,1720,"JEREMIAH CLOWDER, 3000 acs.
(N. L.), Spotsyl. Co., in St. George's
Par; on both sides of Terry's Run; 13
Oct. 1727, p. 197. 15 Lbs., Money.",,,
II_13_4027,Isle Of Wight,1720,"JOHN BRASWELL, 345 acs. (N.
L.), Is, of Wight Co; S. side of Nottoway River; on N. side of the Doctor’s
Branch; on Joseph West’s line; 13 Oct.
1727, p. 239. 35 Shill.",,,
II_13_4053,Surry,1720,"WILLIAM RAINEY, 240 acs. (N.
L.), Surry Co; on N. side of Nottoway
River; beg. adj. his own line; the
Woodyard Sw; & Lewis Green’s land;
13 Oct. 1727, p. 254. 25 Shill,",,,
II_13_4125,Spotsylvania,1720,"JOHN WALLER, JUNR.. 1000 acs.
(N. L.), Spotsyl. Co., in St. George's
Par; on N. side the Northanna (Riv.);
adj. Thomas Certain (Scartin) ; & John
Wilkins; on N. side of a parth to Col.
Waller’s line, 28 Sept. 1728, p. 295.
CAVALIERS AND PIONEERS",,,
II_13_4204,Goochland,1720,"PATRICK MULLIN, 350 acs. (N.
L.), Goochland Co; on up. side of Byrd
Cr; adj. line of Thornton; 28 Sept.
1728, p. 340. 35 Shill. .",,,
II_13_4248,Henrico,1720,"JOHN PARISH, of James City Cou
400 acs. (N. L.), Henrico Co; on N.
side of James River, & on each side of
Ready Br., a br. of Tuckaho Cr; adj
Benjamin Woodson; Scott’s line; & land
of Woodson; & Thornhill; 28 Sept.
1728, p. 362. 25 Shill., & Imp. of 3
pers: Joseph Sheckleton, John Lee, &
Mary Jenings",,,
II_13_4410,Isle Of Wight,1720,"THOMAS SIMMONS, JUNR., of Pr.
Geo, Co; 85 acs. (N. L.), Is. of Wight
Co; on N. side of Maherin Riv; beg.
by the Goose Pond Sw., cor. of Robert
Hill’s land; 28 Sept, 1728, p. 426. 10
Shill.",,,
II_13_4516,Hanover,1720,"SAMUEL REYNOLDS, 200 acs. (N.
L.), Hanover Co; adj. lines of John
Watley (Whatley); Hugh Hogan; &
Benjamin Brown, 28 Sept. 1728, p. 471.
20 Shill.",,,
II_14_4761,Goochland,1730,"WILLIAM CANNON, 300 acs. (N.
L.), Goochland Co; on N. side the
Fluvanna Riv; on Hardwar Cr; down
Rockfish Cr., to the James or Fluvanna
River; 28 Sept. 1730, p. 50. 30 Shill.",,,
II_14_4763,Goochland,1730,"JOSIAS PAINE. 400 acs. (N. L.),
Goochland Co; on W. side of Licking
Hole Cr; adj. Robert Addams; opposite
Henry Webb; 28 Sept. 1730. p. 51. 40
Shill.",,,
II_14_4868,Spotsylvania,1720,"JOHN LEE, Gentleman, of James
City Co; 850 acs. (N. L.), Spotsylv.
Co., in St. George’s Par; adj, William
Edings; on SW side of Sharp’s road;
28 Sept. 1728, p. 105.",,,
II_14_4887,Surry,1730,"SAMUEL MAGET, 480 acs. (O. L.),
Surty Co; on S. side the main Black
Water Sw; adj. John Evans; William
Blunt; & Christopher Atkinson; the
College Land;-& Jeremiah Ellis; 28
Sept. 1730 p. 214, 100 acs. part granted¢ Nathaniel Philips, 13 Nov. 1713,
who spld-to sd. Maget, 16 May 1722;
380 acs. granted Nicholas Maget, 13
Oct. 1727, who sold to sd. Samuel, 18
Feb, 1729.",,,
II_14_4918,Goochland,1730,"JOHN LANE, 400 acs. (N. L.),
Goochland Co; adj. Charles Christian;
Edmon News; on W. side a br. of
Licking Hole Cr; & land of William
Wildy; 28 Sept. 1730, p. 133. 40 Shill,",,,
II_14_4936,Goochland,1730,"THOMAS CARTER, JUNR., 200 acs.
(N. L.}, Goochland Co; N. side of
pees Riv; adj. Leonard Ballow, near
rs. of Fleming’s Park Cr; on brs. of
said river falling into Rock Castle lowgone 28 Sept. 1730, p. 144. 20
hill",,,
II_14_4972,Hanover,1730,"ROBERT TATE, 400 acs. (N. L.),
Hanover Co; S, side the Northanna
(Riv.), on both sides of Tomahawk
Sw., adj. Mr. Joseph Bickley, Robert
Hester & Robert Tate; 26 June 1731,
p. 167. 40 Shill,",,,
II_14_5020,Surry,1730,"HENRY PEEBLES, of Pr. Geo, Co;
240 acs. (N. L.), Surry Co; S. side
of Nottoway Riv; adj. Lambert Zell; &
Katherine Evans; 25 Aug. 1731, p. 204,
28 Shiil.",,,
II_14_5034,Hanover,1730,"THOMAS TRAVELJAN, 404 acs.
(N, L.), Hanover Co; between the lines
of New ""Market, Thomas Stocks, Robert
Harris, Abraham Coek, Benjamin Henson; & Terrey’s line; 25 Aug. 1731, p.
215. 40 Shill,",,,
II_14_5164,Henrico,1730,"MARTIN DUNKAN, 400 acs. (N.
L.), Henrico Co; on Thomas Moor’s
Br., a br. of Deep Cr. of Licking Hole,
adj. Witham Spurlock; 17 Sept. 1731,
p. 338. 40 hill.",,,
II_14_5165,Henrico,1730,"EDWARD OSBORNE, 200 acs. (N.
1.). Henrico Co; on S. side of Swift
Cr; adj. Richard Grill, on W. side of
Spring Kun, & Walter Scott's line; on
fork of a br. of Watery Br, 17 Sept.
1731, p. 338. 20 Shill.",fork of a br. of Watery Br,,
II_14_5182,Surry,1730,"JOHN PENNENTON, 200 acs. (N.
L.), Surry Co; on S. side of Nottoway
Riv; adj. Clement Hancock; & Surrel
Wryche; 17 Sept. 1731, p. 349. 20 Shill.",,,
II_14_5229,Hanover,1730,"CHARLES HUDSON, GENT., 400
acs. (N. L.), Hanover Co; on both
sides the Ist large br. on up. side of
North East Cr; 11 Apr. 1732, p. 388.
40 Shill.",,,
II_14_5236,,1730,"MATTHEW JOUET (Jouitt), 400
acs. (N. L.), on both sides of Cattail
Br., adj. Mr. John White; 11 Apr.
1732, p. 392. 40 Shill.",,,
II_14_5253,Hanover,1730,"JOHN HARRIS, 400 acs. (N. L.),
Hanover Co; adj. Ambrose Joshua
Smith, Capt. Thomas Carr, & Ann
Arnold; om low. side of Gr. Rockey Cr;
11 Apr. 1732, p. 405. 40 Shill.",,,
II_14_5347,Hanover,1730,"JOHN TYLER, JUNR., 254 acs. (N.
L.), Hanover Co; adj. Richard Wetherford; John Matlock; Edward Trotman;
John Northceutt; John Stanley; William
Noble; & John Wetherford; 28 Sept.
1732, p. 473. 25 Shill,",,,
II_14_5351,Hanover,1730,"SAME. 400 acs. (N. L.); same Co.,
& date; page 476. On brs. of the S.
fork of Little Riv., adj. Benjamin
Brown, & Mr, Carr; on S. side the
Rockey Br. 40 Shill.",fork of Little Riv.,,
II_14_5438,Isle Of Wight,1730,"JOHN DOYLE, 50 acs. (N. L.), Is.
of Wight Co; on N. side of Nottoway
Riv; adj. Wm, Simmons; the Nottoway
Indians land; Dennis Carroll; & his
own land; 28 Sept. 1732, p. 518. 5
Shill.",,,
II_14_5451,Isle Of Wight,1730,"RAIMON ENNIS, 150 acs, (N. L.),
Is. of Wight Co; S, side of Nottoway
Riv; on E. side of Blunt’s Sw., in liné
of the Nottoway Indians’ Land, & cor.
of Howell Edmonds; 28 Sept. 1732, p.
526. 15 Shill,",,,
II_9_101,Isle Of Wight,1690,"JACOB DARDEN, 330 acs., Low.
Par. of Is. of Wight Co., 28 Oct. 1697,
p. 81. Adj. John Macmile’s cor; William Joyner; John Thornton; William
Powell; Henry Pope; & Capt. Applewaite. Trans. of 7 pers: Wm. West,
Tho. Jarret; Jack, Nick, Mingo, Jack,
Jone.",,,
II_9_1059,Surry,1700,"BENJAMIN HARRISON, ESQR.,
1000 acs.,Up. Par. of Surry Co; “S,
side the main Black Water Sw; beg. at
mouth of a small br. that runs through
the old Nottoway Towne feilds to the
N. of the old forks & issues into As+
samusock Sw; 1 May 1706, p. 720.
Trans. of ‘20 pers: Thomas Strange,
Benja. ‘Walker, Jno. Macknamarrow,
Alex. ‘Young, James Francois, The.
Moy, Richd. Lewis, Saml. Sambrook,
Silas Smith, Thomas Wilson. Note: ¥0
tights paid: for to Wm. Byrd, Esqp.,
Auditor.",mouth of a small br. that runs through,,
II_9_330,Henrico,1690,"JOSEPH PLEASANTS, 98 acs., Hentico Co; on Chickahomany Sw., &
known by name of John Bottom’s Plantation & is King’s land, adj. patent
granted Capt. Cock Senr., known by the
name of the High Hills; beg. on the
Queen’s Cabbin Br; on Chickahomany
Riv; &c; 26 Oct. 1699, p. 236. Trans.
of 2 pers: Lawrence Fox, Edwd.
Peters.",,,
II_9_458,,1700,"CHARLES BRIGS, 231 acs., on ‘8.
side the main Black Water; on S, side
the Beaver Dam Swamp; 25 Apr. 1701,
p. 333. Trans. of 5 pers.* Note: 5
rights paid for to Wm. Byrd, Esqr..
Auditor,",,,
II_9_470,,1700,"THOMAS BLUNT, 486 acs., on S.
side of the main Black Water; beg. at
mouth of Indian Spring Branch, cor.
of Col. Benja. Harrison; 25 Apr. 1701,
p. 346. 10 rights paid for to Wm.
Byrd, Esqr., Auditor.",mouth of Indian Spring Branch,,
II_9_527,Henrico,1700,"THOMAS FARRAR, 126 acs., Henrico Co; N. side of James River: on
Cornelious’ Cr; adj, Michael Turpen;
the Bridge Run; Richard Cox & Robert
Burton; 24 Oct. 1701, p. 390. Trans.
of 3 pers: Thomas Nicholls, Jno, Ja.
Valton, John Pagester.",,,
II_9_544,Charles City,1700,"THOMAS WYN, 200 acs., Chas.
City Co; S. side of Jones Hole Sw., &
on N. side of Nottaway River; beg. at
the Tradeing Br., in sight of his plantation; to land of Hugh Lee, Junr., in
possession of William Jones, Senr.,
Robert Hix, Senr. & John Roberts; by
Tunatora Path; 24 Oct..1701, p. 406.
Trans. of 4 pers.* Note: 4 rights paid
for to Wm. Byrd, Esqr., Auditor.",on N. side of Nottaway River,,
II_9_558,Isle Of Wight,1700,"ROBERT SCOTT, 130 acs., Low. Par.
of Is. of Wight Co; on brs. of Indian
Creek, out of the W. br. of Nansemond
Riv; 24 Oct. 1701, p. 417. Adj. land
of Simon Irons, in possession of Robert
Cooper; Jane Stoakes; & land of James
Long, in possession of sd. Scott. Trans.
of 3 pers: Joseph Chapman, Joseph
Coren & his wife.",,,
II_9_824,New Kent,1700,"THOMAS BRADLEY, 1087 acs,
New Kent Co., in St. Peter’s Par; N.
side of Chicahominy Sw; a little below
the Izeinglass Run; 23 Oct, 1703, p.
583. Trans. of 22 pers: Robt. Keeble,
Roger Powell, Mary Bland, Ben. Clark,
Hum. Edwards, Rich, Sunderland, Mary
Swan, Gideon Macon, Henry Allenson,
Stephen Martin, Jno. Meekes, Philemon
Adams, Jos. Lane, Robt. Townes, Mary
Palmer. Note: 7 rights paid for to
Wm. Bryrd, Esqr,, Auditor.",,,
II_9_958,Henrico,1700,"WM. HATCHER, SENR., 540 acs.,
Henrico Co; S. side of James Riv., on
Licking Br. of Falling Cr; adj. Capt.
Wm. Sone; 2 May 1705, p. 661. Trans.
of 11 pers: Roger Roberts, John Walters, John Low, Robt. Hall, Anne Seafeild, Tho. Hagan, John Alcorn, Joseph
Lowder, Wm. Lee, John Nicholson,
Katherine Gerrall. Note: Also given
as 550 acs.",,,
